Soup,汤,Egg Drop Soup,Egg Drop Soup,蛋花汤,,,1,1.5,2.5,,,,,,,,1,
Soup,汤,Wonton Soup,Wonton Soup,云吞汤,,,2,1.65,2.95,,,,,,,,1,
Soup,汤,Wonton Egg Drop Mixed,Wonton Egg Drop Mixed,云吞蛋花汤,,,3,1.6,2.95,,,,,,,,1,
Soup,汤,Hot & Sour Soup ,Hot & Sour Soup,酸辣汤,,,4,2,3.5,,,,,1,,,1,
Soup,汤,Chicken Noodle Soup ,Chicken Noodle Soup,鸡面汤,,,5a,1.5,2.95,,,,,,,,1,
Soup,汤,Chicken Rice Soup ,Chicken Rice Soup,鸡饭汤,,,5b,1.5,2.95,,,,,,,,1,
Soup,汤,Bean Curd Veg Soup ,Bean Curd Vegetable Soup ,蔬菜汤,,,6,,3.45,,,,,,,,1,
Soup,汤,Corn w. Chicken Soup,Corn w. Chicken Soup,玉米鸡汤,,,7,,3.95,,,,,,,,1,
Soup,汤,House Special Wonton Soup ,House Special Wonton Soup,本楼汤,,,8,,4.95,,,,,,,,1,
Soup,汤,Roast Pork Yack Ga Mein,Roast Pork Yack Ga Mein,猪肉面汤,,,8a,,4.95,,,,,,,,1,
Soup,汤,House Seafood Soup ,House Seafood Soup,海鲜汤,,,9,,5.95,,,,,,,,1,
Soup,汤,Miso Soup,Miso Soup,味噌汤,,,9a,1.8,3.5,,,,,,,,1,
Appetizers,小点,Egg Roll,Egg Roll,春卷,,,10,,1.29,,,,,,,,,1
Appetizers,小点,Shrimp Roll,Shrimp Roll,上海卷,,,11,,1.5,,,,,,,,,1
Appetizers,小点,Vegetable Roll,Vegetable Roll,菜卷,,,12,,1.5,,,,,,,,,1
Appetizers,小点,Vegetable Dumpling,Vegetable Dumpling,菜饺,8 pieces,8 个,13,,4.25,,,,,,,1,,8
Appetizers,小点,Steam Dumpling,Steam Dumpling,水饺,8 pieces,8 个,14,,4.55,,,,,,,1,,8
Appetizers,小点,Fried Dumpling,Fried Dumpling,锅贴,8 pieces,8 个,14,,4.55,,,,,,,1,,8
Appetizers,小点,Spicy Dumpling Szechuan Style,Spicy Dumpling Szechuan Style,四川饺子,,,15,,4.55,,,,,1,,,,8
Appetizers,小点,Fantail Shrimp,Fantail Shrimp,扇尾虾,,,16,,3.95,,,,,,,1,,4
Appetizers,小点,Teriyaki Beef,Teriyaki Beef,牛肉串,6 pieces,6 个,17,,4.95,,,,,,,,,6
Appetizers,小点,Fried Wonton,Fried Wonton,炸馄饨,,,18,,3.95,,,,,,,1,,8
Appetizers,小点,Shrimp Toast,Shrimp Toast,虾吐司,,,19,,3.5,,,,,,,1,,8
Appetizers,小点,Boneless Spare Ribs,Boneless Spare Ribs,无骨排,,,20,6.25,11.25,L31,5.25,15,7.25,,,,,
Appetizers,小点,BBQ Spare Ribs,BBQ Spare Ribs,排骨,small = 5 pieces - large = 10 pieces,小 5 个 - 大 10 个,21,6.45,11.95,,,3,7.95,,,,,sm = 5 - lg = 10
Appetizers,小点,Cold Noodle w. Hot Sesame Sauce,Cold Noodle w. Hot Sesame Sauce,冷面,,,22,,3.75,,,,,1,,,,
Appetizers,小点,Scallion Pancake,Scallion Pancake,葱油饼,,,23,,3.5,,,,,,,,,
Appetizers,小点,Pork Shu Mai,Pork Shu Mai,猪烧卖,8 pieces,8 个,24,,4.75,,,,,,,1,,8
Appetizers,小点,Shrimp Shu Mai,Shrimp Shu Mai,虾烧卖,8 pieces,8 个,24,,4.75,,,,,,,1,,8
Appetizers,小点,Pu Pu Platter,Pu Pu Platter,宝宝盘,aka Appetizer Combo (for 2),小点,25,,9.95,,,,,,,,,
Appetizers,小点,Crab Rangoon,Crab Rangoon,芝士云吞,6 pieces,6 个,26,,3.5,,,,,,,,,6
Appetizers,小点,Chicken Wing,Chicken Wing,炸鸡翅,10 pieces,10 个,26a,,5.25,L9a,4.95,25,6.5,,,1,,10
Fried Rice,炒饭,Veg Fried Rice,Vegetable Fried Rice,素菜炒饭,,,27,3.25,5.95,,,,,,,,,
Fried Rice,炒饭,Chicken Fried Rice,Chicken Fried Rice,鸡炒饭,,,27a,3.65,6.35,,,,,,,,,
Fried Rice,炒饭,Pork Fried Rice,Pork Fried Rice,叉烧炒饭 ,,,27a,3.65,6.35,,,,,,,,,
Fried Rice,炒饭,Beef Fried Rice,Beef Fried Rice,牛炒饭 ,,,28,3.95,5.95,,,,,,,,,
Fried Rice,炒饭,Shrimp Fried Rice,Shrimp Fried Rice,虾炒饭,,,28,3.95,5.95,,,,,,,,,
Fried Rice,炒饭,Subgum Fried Rice,Subgum Fried Rice,什锦炒饭,chicken - pork - shrimp,鸡猪肉虾,29,,7.95,,,,,,,,,
Fried Rice,炒饭,House Fried Rice,House Fried Rice,本楼炒饭 ,chicken - pork - shrimp,鸡猪肉虾,29,,7.95,,,,,,,,,
Lo Mein,捞面,Veg Lo Mein,Vegetable Lo Mein,菜捞面,,,30,3.75,6.25,L1,4.95,2,6.5,,,,,
Lo Mein,捞面,Pork Lo Mein ,Pork Lo Mein,叉烧捞面,,,30a,3.95,6.55,L1,4.95,2,6.5,,,,,
Lo Mein,捞面,Chicken Lo Mein,Chicken Lo Mein,鸡捞面,,,30a,3.95,6.55,L1,4.95,2,6.5,,,,,
Lo Mein,捞面,Beef Lo Mein,Beef Lo Mein,牛捞面 ,,,31,3.95,7.5,L1,4.95,2,6.5,,,,,
Lo Mein,捞面,Shrimp Lo Mein,Shrimp Lo Mein,虾捞面 ,,,31,3.95,7.5,L1,4.95,2,6.5,,,,,
Lo Mein,捞面,House Special Lo Mein,House Special Lo Mein,本楼捞面,,,32,,8.25,,,,,,,,,
Lo Mein,捞面,Vegetable Chow Mai Fun,Vegetable Chow Mai Fun,菜米粉,thin white noodles,米粉,33,,8.25,,,,,,,,,
Lo Mein,捞面,Pork Chow Mai Fun,Pork Chow Mai Fun,叉烧米粉,thin white noodles,米粉,33,,8.25,,,,,,,,,
Lo Mein,捞面,Chicken Chow Mai Fun,Chicken Chow Mai Fun,鸡米粉,thin white noodles,米粉,33,,8.25,,,,,,,,,
Lo Mein,捞面,Beef Chow Mai Fun,Beef Chow Mai Fun,牛米粉,thin white noodles,米粉,33,,8.25,,,,,,,,,
Lo Mein,捞面,Shrimp Chow Mai Fun,Shrimp Chow Mai Fun,虾米粉,thin white noodles,米粉,33,,8.25,,,,,,,,,
Lo Mein,捞面,House Chow Mai Fun,House Chow Mai Fun,本楼米粉,thin white noodles,米粉,33,,8.25,,,,,,,,,
Lo Mein,捞面,Singapore Chow Main Fun,Singapore Chow Main Fun,新加坡米粉,thin white noodles,米粉,33,,8.25,,,,,1,,,,
Chow Mein,炒面,Vegetable Chow Mein,Vegetable Chow Mein,素菜炒面,veg. dish not a noodles dish,蔬菜不是面条,34,3.75,6.35,L2,4.95,1,6.5,,,,,
Chow Mein,炒面,Pork Chow Mein,Pork Chow Mein,叉烧炒面 ,veg. dish not a noodles dish,蔬菜不是面条,34a,3.95,6.55,L2,4.95,1,6.5,,,,,
Chow Mein,炒面,Chicken Chow Mein,Chicken Chow Mein,鸡炒面,veg. dish not a noodles dish,蔬菜不是面条,34a,3.95,6.55,L2,4.95,1,6.5,,,,,
Chow Mein,炒面,Beef Chow Mein,Beef Chow Mein,牛炒面,veg. dish not a noodles dish,蔬菜不是面条,35,4.25,7.5,L2,4.95,1,6.5,,,,,
Chow Mein,炒面,Shrimp Chow Mein,Shrimp Chow Mein,虾炒面,veg. dish not a noodles dish,蔬菜不是面条,35,4.25,7.5,L2,4.95,1,6.5,,,,,
Chow Mein,炒面,House Chow Mein,House Chow Mein,本楼炒面,veg. dish not a noodles dish,蔬菜不是面条,36,,8.25,,,,,,,,,
Chow Fun,米粉,Vegetable Chow Fun,Vegetable Chow Fun,菜河粉,thick flat noodles,河粉,37,,6.5,,,,,,,,,
Chow Fun,米粉,Pork Chow Fun,Pork Chow Fun,叉烧河粉,thick flat noodles,河粉,37,,6.5,,,,,,,,,
Chow Fun,米粉,Chicken Chow Fun,Chicken Chow Fun,鸡河粉,thick flat noodles,河粉,37,,6.5,,,,,,,,,
Chow Fun,米粉,Beef Chow Fun,Beef Chow Fun,牛河粉,thick flat noodles,河粉,38,,7.95,,,,,,,,,
Chow Fun,米粉,Shrimp Chow Fun,Shrimp Chow Fun,虾河粉,thick flat noodles,河粉,38,,7.95,,,,,,,,,
Chow Fun,米粉,House Chow Fun,House Chow Fun,本楼河粉,thick flat noodles,河粉,39,,8.25,,,,,,,,,
Vegetarian's Choice,素菜,Broccoli w. Garlic Sauce,Broccoli w. Garlic Sauce,鱼香芥兰,,,40,,6.95,L18,4.95,,,1,1,,,
Vegetarian's Choice,素菜,Eggplant w. Garlic Sauce,Eggplant w. Garlic Sauce,鱼香茄子,,,40,,6.95,L19,4.95,,,1,1,,,
Vegetarian's Choice,素菜,Fresh Mixed Veg wtih Bean Curd,Fresh Mixed Veg wtih Bean Curd,蔬菜豆腐,,,41,,6.95,,,,,,1,,,
Vegetarian's Choice,素菜,Dried Sauteed String Beans,Dried Sauteed String Beans,炒四季豆,,,42,,6.95,,,,,,1,,,
Vegetarian's Choice,素菜,Sauteed Chinese Spinach,Sauteed Chinese Spinach,炒波菜,,,43,,7.55,,,,,,1,,,
Vegetarian's Choice,素菜,Sauteed Snow Pea & Waterchestnut,Sauteed Snow Pea & Waterchestnut,炒雪豆跟马蹄,,,44,,6.25,,,,,,1,,,
Vegetarian's Choice,素菜,Bean Curd Home Style,Bean Curd Home Style,家乡豆腐,,,45,,6.95,L20,4.95,,,,1,,,
Vegetarian's Choice,素菜,Bean Curd Szechuan Style,Bean Curd Szechuan Style,四川豆腐,,,46,,6.95,L21,4.95,,,1,1,,,
Vegetarian's Choice,素菜,Moo Shu Veg,Moo Shu Veg,木须菜,includes pancakes,有木须皮,47,,6.95,,,,,,1,,,
Vegetarian's Choice,素菜,Sauteed Asparagus,Sauteed Asparagus,炒芦笋,,,48,,7.55,,,,,,1,,,
Vegetarian's Choice,素菜,Tofu w. Blk Bean Sauce,Tofu w. Black Bean Sauce,豆腐鼓汁,,,49,,6.95,,,,,,1,,,
Poultry,鸡肉,Chicken w. Mushroom,Chicken w. Mushroom,蘑菇鸡,,,50,4.75,8.25,L7,4.95,,,,1,,,
Poultry,鸡肉,Slice Chicken w. Snow Peas,Slice Chicken w. Snow Peas,雪豆鸡,,,51,,8.25,,,,,,1,,,
Poultry,鸡肉,Lemon Chicken,Lemon Chicken,柠檬鸡,,,52,,8.95,,,,,,1,,,
Poultry,鸡肉,Chicken w. Broccoli,Chicken w. Broccoli,芥兰鸡,,,53,4.75,8.25,L3,4.95,10,6.55,,1,,,
Poultry,鸡肉,Chicken w. Mixed Vegetable,Chicken w. Mixed Vegetable,蔬菜鸡,,,54,4.75,8.25,L9,4.95,24,6.55,,1,,,
Poultry,鸡肉,Chicken w. Cashew Nuts,Chicken w. Cashew Nuts,腰果鸡,,,55,4.75,8.25,L5,4.95,12,6.55,,1,,,
Poultry,鸡肉,Chicken w. Shrimp Combo,Chicken w. Shrimp Combination,鸡肉和虾煲,,,56,4.75,8.25,L13,4.95,,,,1,,,
Poultry,鸡肉,Sweet & Sour Chicken,Sweet & Sour Chicken,甜酸虾,,,57,,8.25,L10,4.95,8,6.55,,1,,,
Poultry,鸡肉,Chicken w. Garlic Sauce,Chicken w. Garlic Sauce,鱼香鸡,,,58,4.75,8.25,L4,4.95,11,6.55,1,1,,,
Poultry,鸡肉,Chicken w. Peanuts,Chicken w. Peanuts,花生鸡,,,59,4.75,8.25,,,13,6.55,1,1,,,
Poultry,鸡肉,Hunan Chicken,Hunan Chicken,湖南鸡,,,60,4.75,8.25,L11,4.95,9,6.55,1,1,,,
Poultry,鸡肉,Chicken w. Curry Sauce,Chicken w. Curry Sauce,咖喱鸡,,,61,,8.25,,,,,1,1,,,
Poultry,鸡肉,Moo Shu Chicken,Moo Shu Chicken,木须鸡,includes pancakes,跟木须皮,62,,8.25,,,,,,1,,,
Poultry,鸡肉,Slice Chicken in Brown Sauce,Slice Chicken in Brown Sauce,褐酱鸡,,,63,6.25,10.95,,,,,,1,,,
Poultry,鸡肉,Chicken w. String Bean,Chicken w. String Bean,四季豆鸡,,,64,,8.5,,,,,,1,,,
Poultry,鸡肉,Chicken w. Eggplant,Chicken w. Eggplant,茄子鸡,,,65,,8.5,,,,,,1,,,
Poultry,鸡肉,Chicken w. Blk Bean Sauce,Chicken w. Black Bean Sauce,豆鼓鸡,,,66,,8.5,,,,,,1,,,
Poultry,鸡肉,Chicken w. Asparagus,Chicken w. Asparagus,芦笋鸡,,,67,,8.95,L39,5.75,17,7.95,,1,,,
Poultry,鸡肉,Chicken in Peking Style,Chicken in Peking Style,北京鸡,,,67a,,10.95,,,,,,1,,,
Poultry,鸡肉,Chicken w. Sweet Ginger,Chicken w. Sweet Ginger,姜味鸡,,,67b,,8.95,,,,,,1,,,
Pork,猪肉,Pork w. Broccoli,Roast Pork w. Broccoli,芥兰肉,,,68,,7.95,,,,,,1,,,
Pork,猪肉,Pork w. Mixed Vegetable,Roast Pork w. Mixed Vegetable,蔬菜肉,,,69,,7.95,L15,4.95,5,6.5,,1,,,
Pork,猪肉,Pork w. Blk Bean Sauce,Roast Pork w. Black Bean Sauce,豆豉肉,,,70,,7.95,,,,,,1,,,
Pork,猪肉,Shredded Pork w. Garlic Sauce,Shredded Pork w. Garlic Sauce,鱼香肉丝,,,71,,7.95,,,,,,1,,,
Pork,猪肉,Shredded Pork w. String Bean,Shredded Pork w. String Bean,四季豆炒肉丝,,,72,,7.95,,,,,,1,,,
Pork,猪肉,Pork w. Scallion Stir Fried,Pork w. Scallion Stir Fried,葱爆肉丝,,,73,,8.95,,,,,,1,,,
Pork,猪肉,Sweet & Sour Pork,Sweet & Sour Pork,甜酸肉,,,74,,7.95,L10,4.95,8,6.55,,1,,,
Pork,猪肉,Shredded Pork Peking Style,Shredded Pork Peking Style,北京肉丝,,,75,,8.95,,,,,,1,,,
Pork,猪肉,Moo Shu Pork,Moo Shu Pork,木须肉,includes pancakes,跟木须皮,76,,8.25,,,,,,1,,,
Beef,牛肉,Beef w. Broccoli,Beef w. Broccoli,芥兰牛,,,77,5.5,9.25,L22,5.25,7,7.25,,1,,,
Beef,牛肉,Beef w. Mixed Vegetable,Beef w. Mixed Vegetable,蔬菜牛,,,78,5.5,9.25,L24,5.25,14,7.25,,1,,,
Beef,牛肉,Beef w. Scallion Stir Fried,Beef w. Scallion Stir Fried,葱爆牛,,,79,,10.5,,,,,,1,,,
Beef,牛肉,Pepper Steak,Pepper Steak,胡椒牛,,,80,5.5,9.25,L33,5.25,3,7.25,,1,,,
Beef,牛肉,Beef w. Oyster Sauce,Beef w. Oyster Sauce,蚝油牛,,,81,,9.25,L23,5.25,,,,1,,,
Beef,牛肉,Beef w. Mushroom,Beef w. Mushroom,蘑菇牛,,,82,,9.25,,,,,,1,,,
Beef,牛肉,Shredded Beef w. Peking Style,Shredded Beef w. Peking Style,北京牛,,,83,,10.5,,,,,,1,,,
Beef,牛肉,Shredded Beef Szechuan Style,Shredded Beef Szechuan Style,四川牛,,,84,,9.25,L25,5.25,,,1,1,,,
Beef,牛肉,Shredded Beef w. String Bean,Shredded Beef w. String Bean,四季豆炒牛肉,,,85,,9.25,,,,,,1,,,
Beef,牛肉,Hunan Beef,Hunan Beef,湖南牛,,,86,5.5,9.25,,,19,7.25,1,1,,,
Beef,牛肉,Beef w. Zucchini,Beef w. Zucchini,西葫芦炒牛肉,,,87,,9.25,,,,,,1,,,
Beef,牛肉,Beef w. Spinach,Beef w. Spinach,菠菜牛,,,88,,10.5,,,,,,1,,,
Beef,牛肉,Beef w. Asparagus,Beef w. Asparagus,芦笋牛,,,89,,10.5,,,,,,1,,,
Seafood,海鲜,Lobster Sauce,Lobster Sauce,龙虾糊,,,90,,4.5,,,,,,1,,,
Seafood,海鲜,Shrimp w. Green Peas,Shrimp w. Green Peas,青豆虾仁,,,91,,9.5,,,,,,1,,,
Seafood,海鲜,Shrimp w. Bean Curd,Shrimp w. Bean Curd,豆腐虾,,,92,,9.5,,,,,,1,,,
Seafood,海鲜,Shrimp w. Cashew Nuts,Shrimp w. Cashew Nuts,腰果虾,,,93,5.25,9.5,,,,,,1,,,
Seafood,海鲜,Shrimp w. Peanuts,Shrimp w. Peanuts,花生虾,,,94,5.25,9.5,L30,4.95,20,7.25,1,1,,,
Seafood,海鲜,Shrimp w. Snow Peas,Shrimp w. Snow Peas,雪豆虾,,,95,,9.5,,,,,,1,,,
Seafood,海鲜,Shrimp w. Broccoli,Shrimp w. Broccoli,芥兰虾,,,96,5.25,9.5,L27,4.95,23,7.25,,1,,,
Seafood,海鲜,Shrimp w. Mixed Veg.,Shrimp w. Mixed Veg.,蔬菜虾,,,97,5.25,9.5,,,,,,1,,,
Seafood,海鲜,Shrimp & Scallop w. Blk Bean Sauce,Shrimp & Scallop w. Blk Bean Sauce,虾与干贝豆鼓煲,,,98,,10.5,,,,,,1,,,
Seafood,海鲜,Shrimp w. Lobster Sauce,Shrimp w. Lobster Sauce,虾龙糊,,,99,,9.5,L37,5.25,6,7.25,,1,,,
Seafood,海鲜,Shrimp w. Garlic Sauce,Shrimp w. Garlic Sauce,鱼香虾,,,100,5.25,9.5,L29,4.95,16,7.25,1,1,,,
Seafood,海鲜,Hunan Shrimp,Hunan Shrimp,湖南虾,,,101,5.25,9.5,,,,,1,1,,,
Seafood,海鲜,Shrimp w. Chili Sauce,Shrimp w. Chili Sauce,辣椒虾,,,102,,9.5,,,,,1,1,,,
Seafood,海鲜,Scallop w. Garlic Sauce,Scallop w. Garlic Sauce,鱼香干贝,,,103,,10.5,,,,,,1,,,
Seafood,海鲜,Sweet & Sour Shrimp,Sweet & Sour Shrimp,甜酸虾,,,104,,9.5,,,,,,1,,,
Seafood,海鲜,Shrimp w. Zucchini,Shrimp w. Zucchini,西葫芦炒虾仁,,,105,,9.5,,,,,,1,,,
Seafood,海鲜,Shrimp w. String Bean,Shrimp w. String Bean,四季豆炒虾仁,,,106,,9.5,,,,,,1,,,
Seafood,海鲜,Shrimp w. Blk Bean Sauce,Shrimp w. Black Bean Sauce,豆豉虾,,,107,,9.5,L28,4.95,,,,1,,,
Seafood,海鲜,Shrimp w. Asparagus,Shrimp w. Asparagus,芦笋虾,,,108,,10.5,,,,,,1,,,
Egg Foo Young,蓉蛋,Pork Egg Foo Young,Roast Pork Egg Foo Young,叉烧蓉蛋,,,109,,6.25,,,18,6.5,,1,,,
Egg Foo Young,蓉蛋,Shrimp Egg Food Young,Shrimp Egg Food Young,虾蓉蛋,,,110,,6.95,,,,,,1,,,
Egg Foo Young,蓉蛋,Chicken Egg Food Young,Chicken Egg Food Young,鸡蓉蛋,,,111,,6.25,,,,,,1,,,
Egg Foo Young,蓉蛋,Mushroom Egg Food Young,Mushroom Egg Food Young,蘑菇蓉蛋,,,112,,5.95,,,,,,1,,,
Egg Foo Young,蓉蛋,Veg Egg Food Young,Veg Egg Food Young,菜蓉蛋,,,113,,5.95,,,,,,1,,,
Egg Foo Young,蓉蛋,House Egg Food Young,House Egg Food Young,本楼蓉蛋,,,114,,7.5,,,,,,1,,,
Egg Foo Young,蓉蛋,Beef Egg Food Young,Beef Egg Food Young,牛蓉蛋,,,115,,7.25,,,,,,1,,,
Diet Menu,健康菜肴,D - Spinach w. Bean Curd,D - Spinach w. Bean Curd,蒸菠菜与豆腐,steamed - no oil - no salt,蒸没有盐没有油,D1,,7.25,,,,,,1,,,
Diet Menu,健康菜肴,D - Snow Peas w. Waterchestnut,D - Snow Peas w. Waterchestnut,蒸雪豆与马蹄,steamed - no oil - no salt,蒸没有盐没有油,D2,,6.25,,,,,,1,,,
Diet Menu,健康菜肴,D - Mixed Fresh Veg.,D - Mixed Fresh Veg.,蒸蔬菜,steamed - no oil - no salt,蒸没有盐没有油,D3,,6.95,,,,,,1,,,
Diet Menu,健康菜肴,D - String Bean & Broccoli,D - String Bean & Broccoli,蒸四季豆与芥兰,steamed - no oil - no salt,蒸没有盐没有油,D4,,6.95,,,,,,1,,,
Diet Menu,健康菜肴,D - Chicken w. Mixed Veg,D - Chicken w. Mixed Veg,蒸蔬菜鸡,steamed - no oil - no salt,蒸没有盐没有油,D5,,8.25,,,,,,1,,,
Diet Menu,健康菜肴,D - Shrimp & Scallop w. Mixed Veg,D - Shrimp & Scallop w. Mixed Veg,蒸虾仁干贝蔬菜煲,steamed - no oil - no salt,蒸没有盐没有油,D6,,10.95,,,,,,1,,,
Diet Menu,健康菜肴,D - Chicken w. Broccoli,D - Chicken w. Broccoli,蒸芥兰鸡,steamed - no oil - no salt,蒸没有盐没有油,D7,,8.25,,,,,,1,,,
Asian Noodle Soup,汤面,Thai Curry Chicken Noodle Soup,Thai Curry Chicken Noodle Soup,泰国咖喱鸡肉面条汤,choice of Udon Noodle - Rice Noodle - Egg Noodle,选择-乌冬面 - 米线面 - 鸡蛋面,1,,7.5,,,,,1,,,1,
Asian Noodle Soup,汤面,Cantonese Wonton Noodle Soup,Cantonese Wonton Noodle Soup,广州馄饨汤面,choice of Udon Noodle - Rice Noodle - Egg Noodle,选择-乌冬面 - 米线面 - 鸡蛋面,2,,7.5,,,,,,,,1,
Asian Noodle Soup,汤面,Seafood Noodle Soup,Asian Seafood Noodle Soup,海鲜汤面,choice of Udon Noodle - Rice Noodle - Egg Noodle,选择-乌冬面 - 米线面 - 鸡蛋面,3,,8.25,,,,,,,,1,
Asian Noodle Soup,汤面,Shrimp Noodle Soup,Asian Shrimp Noodle Soup,虾汤面,choice of Udon Noodle - Rice Noodle - Egg Noodle,选择-乌冬面 - 米线面 - 鸡蛋面,4,,8.25,,,,,,,,1,
Asian Noodle Soup,汤面,Beef Noodle Soup,Asian Beef Noodle Soup,牛肉汤面,choice of Udon Noodle - Rice Noodle - Egg Noodle,选择-乌冬面 - 米线面 - 鸡蛋面,5,,8.25,,,,,,,,1,
Asian Noodle Soup,汤面,Chicken Noodle Soup,Asian Chicken Noodle Soup,鸡面汤,choice of Udon Noodle - Rice Noodle - Egg Noodle,选择-乌冬面 - 米线面 - 鸡蛋面,6,,7.25,,,,,,,,1,
Asian Food Special,精美小炒,Chicken Dumpling,Chicken Dumpling,鸡水饺,,,,,4.55,,,,,,,1,,8
Asian Food Special,精美小炒,Pork Bun,Pork Bun,猪肉包子,,,,,4.75,,,,,,,,,6
Asian Food Special,精美小炒,Shrimp Dumpling,Shrimp Dumpling,虾水饺,,,,,4.75,,,,,,,1,,8
Asian Food Special,精美小炒,Teriyaki Chicken,Teriyaki Chicken,鸡串,4 pieces,4 个,,,5.25,L40,5.25,,,,,,,6
Asian Food Special,精美小炒,Chinese Broccoli w. Blk Bean Sauce,Chinese Broccoli w. Blk Bean Sauce,豆豉芥兰,,,,,7.99,,,,,,,,,
Asian Food Special,精美小炒,Chicken Pad Thai,Chicken Pad Thai,泰式鸡,,,,,7.95,,,,,,,,,
Asian Food Special,精美小炒,Shrimp Pad Thai,Shrimp Pad Thai,泰式虾,,,,,8.5,,,,,,,,,
Asian Food Special,精美小炒,Pork Pad Thai,Pork Pad Thai,泰式肉,,,,,7.95,,,,,,,,,
Asian Food Special,精美小炒,Chicken Sauteed Udon Noodle,Chicken Sauteed Udon Noodle,鸡炒乌冬面,,,,,7.95,,,,,,,,,
Asian Food Special,精美小炒,Shrimp Sauteed Udon Noodle,Shrimp Sauteed Udon Noodle,虾炒乌冬面,,,,,8.5,,,,,,,,,
Asian Food Special,精美小炒,Pork Sauteed Udon Noodle,Pork Sauteed Udon Noodle,肉炒乌冬面,,,,,7.95,,,,,,,,,
Asian Food Special,精美小炒,Crispy Duck,Crispy Duck,火鸭,half duck,半鸭子,,,12.95,,,,,,,,,
Asian Food Special,精美小炒,Fish Filet w. Special Sauce,Fish Filet w. Special Sauce,鱼片特别酱,,,,,9.95,,,,,,,,,
Asian Food Special,精美小炒,Imperial Pork Chop w. Lemon Grass,Imperial Pork Chop w. Lemon Grass Sauce,香茅猪扒,,,,,8.25,,,,,,,,,
Asian Food Special,精美小炒,Chicken Dumpling Noodle Soup,Chicken Dumpling Noodle Soup,鸡饺子汤面,,,,,4.95,,,,,,,,1,4
Asian Food Special,精美小炒,Shrimp Dumpling Noodle Soup,Shrimp Dumpling Noodle Soup,虾饺子汤面,,,,,5.5,,,,,,,,1,4
Asian Food Special,精美小炒,Pork Dumpling Noodle Soup,Pork Dumpling Noodle Soup,肉饺子汤面,,,,,4.95,,,,,,,,1,4
Side Orders,外加,White Rice,White Rice,白饭,,,,1.25,2,,,,,,,,,
Side Orders,外加,Brown Rice,Brown Rice,糙米,,,,1.5,2.5,,,,,,,,,
Side Orders,外加,Noodles,Noodles,面,,,,,1,,,,,,,,,
Side Orders,外加,Duck Sauce,Duck Sauce,梅子酱,half pint,半升,,,2,,,,,,,,,
Side Orders,外加,Hot Oil,Hot Oil,辣油,,,,,0,,,,,1,,,,
Side Orders,外加,Hot Mustard,Hot Mustard,芥末酱,,,,,0,,,,,,,,,
Lunch Specials,午餐特价,Chicken w. Pineapple,Chicken w. Pineapple,菠萝鸡,,,,,,L6,4.95,,,,,,,
Lunch Specials,午餐特价,Chicken w. Oyster Sauce,Chicken w. Oyster Sauce,蚝油鸡,,,,,,L8,4.95,,,,,,,
Lunch Specials,午餐特价,Vegetable Delight,Vegetable Delight,罗汉斎,,,,,,L17,4.95,,,,,,,
Lunch Specials,午餐特价,Pork & String Bean in Garlic Sauce,Pork & String Bean in Garlic Sauce,鱼香四季豆炒肉丝,,,,,,L26,5.25,,,1,,,,
Lunch Specials,午餐特价,Chkn & String Bean in Garlic Sauce,Chicken & String Bean in Garlic Sauce,鱼香四季豆炒鸡片,,,,,,L26,5.25,,,1,,,,
Lunch Specials,午餐特价,Beef & String Bean in Garlic Sauce,Beef & String Bean in Garlic Sauce,鱼香四季豆炒牛肉,,,,,,L26,5.25,,,1,,,,
Lunch Specials,午餐特价,Shr & String Bean in Garlic Sauce,Shrimp & String Bean in Garlic Sauce,鱼香四季豆炒虾仁,,,,,,L26,5.25,,,1,,,,
Chef's Specials,特别餐,General Tso's Tofu,General Tso's Tofu,左宗豆腐,,,S1,,7.25,,,,,1,1,,,
Chef's Specials,特别餐,Sesame Tofu,Sesame Tofu,芝麻豆腐,,,S1,,7.25,,,,,1,1,,,
Chef's Specials,特别餐,Pineapple Chicken,Pineapple Chicken,菠萝鸡,,,S2,,,,,,,,1,,,
Chef's Specials,特别餐,General Tso's Chicken,General Tso's Chicken,左鸡,,,S3,,,L35,5.25,22,7.5,1,1,,,
Chef's Specials,特别餐,Chicken & Beef Hunan Style,Chicken & Beef Hunan Style,鸡牛片,,,S4,10.95,,L32,5.25,,,1,1,,,
Chef's Specials,特别餐,Happy Couple,Happy Couple,带子牛,,,S5,10.95,,,,,,,1,,,
Chef's Specials,特别餐,Chicken & Shrimp Hunan Style,Chicken & Shrimp Hunan Style,鸡虾片,,,S6,9.5,,L12,4.95,,,1,1,,,
Chef's Specials,特别餐,Triple Crown,Triple Crown,三冠王,,,S7,,9.95,L38,5.25,,,,1,,,
Chef's Specials,特别餐,Stir Fried Seafood & Chicken,Stir Fried Seafood & Chicken,炒海鲜和鸡肉,,,S8,,10.5,,,,,,1,,,
Chef's Specials,特别餐,Blossom Delight,Blossom Delight,开花喜悦,,,S9,,9.95,,,,,,1,,,
Chef's Specials,特别餐,Dragon & Phoenix,Dragon & Phoenix,龙凤配,,,S10,,10.5,,,,,1,1,,,
Chef's Specials,特别餐,Szechuan Royal,Szechuan Royal,皇家川菜,,,S11,,10.95,,,,,1,1,,,
Chef's Specials,特别餐,Emerald Shrimp,Emerald Shrimp,翡翠虾,,,S12,,9.95,,,,,,1,,,
Chef's Specials,特别餐,Tung Ting Shrimp,Tung Ting Shrimp,东庭虾,,,S13,,9.95,,,,,,1,,,
Chef's Specials,特别餐,Sesame Shrimp,Sesame Shrimp,芝麻虾,,,S14,,,,,,,1,1,,,
Chef's Specials,特别餐,Rainbow Shrimp,Rainbow Shrimp,彩虹虾,,,S15,,10.5,,,,,,1,,,
Chef's Specials,特别餐,Sesame Chicken,Sesame Chicken,芝麻鸡,,,S16,,9.75,L34,5.25,21,7.5,1,1,,,
Chef's Specials,特别餐,Chicken w. Orange Flavor,Chicken w. Orange Flavor,橘子鸡,,,S17,,9.75,,,,,,1,,,
Chef's Specials,特别餐,Sesame Beef,Sesame Beef,芝麻牛,,,S18,,10.5,,,,,1,1,,,
Chef's Specials,特别餐,Beef w. Orange Flavor,Beef w. Orange Flavor,橘子牛,,,S19,,10.5,,,,,1,1,,,
Chef's Specials,特别餐,Four Seasons,Four Seasons,炒四季,,,S20,,10.05,,,,,,1,,,
Chef's Specials,特别餐,General Tso's Shrimp,General Tso's Shrimp,左宗虾,,,S21,,10.5,,,,,1,1,,,
Chef's Specials,特别餐,Mongolian Chicken,Mongolian Chicken,蒙古鸡,,,S22,,9.95,,,,,,1,,,
Chef's Specials,特别餐,Seafood Triple Delight,Seafood Triple Delight,炒三样,,,S23,,19.95,,,,,,1,,,
Chef's Specials,特别餐,Mongolian Beef,Mongolian Beef,蒙古牛,,,S24,,14.95,L36,5.25,,,,1,,,
Chef's Specials,特别餐,Filet Mignon Steak w. Blk Pepper,Filet Mignon Steak w. Black Pepper,黑椒牛排,,,S25,,14.95,,,,,,1,,,
Chef's Specials,特别餐,Scallops in Orange Flavor,Scallops in Orange Flavor,橘子干贝,,,S26,,10.95,,,,,1,1,,,
Chef's Specials,特别餐,Happy Family,Happy Family,全家福,,,S28,,11.25,,,,,,1,,,
Chef's Specials,特别餐,Lobster in Cantonese Sauce,Lobster in Cantonese Sauce,广州龙虾,,,S29,,14.95,,,,,,1,,,
Chef's Specials,特别餐,Lobster in Blk Bean Sauce,Lobster in Black Bean Sauce,豆鼓龙虾,,,S29,,14.95,,,,,,1,,,
Chef's Specials,特别餐,Lobster in Chili Sauce,Lobster in Chili Sauce,辣椒龙虾,,,S29,,14.95,,,,,1,1,,,
Chef's Specials,特别餐,Soft Shell Crab in Garlic Sauce,Soft Shell Crab in Garlic Sauce,鱼香软壳蟹,,,S30,,14.95,,,,,,1,,,
Chef's Specials,特别餐,Jumbo Shr & Chkn w. Chinese Basil,Jumbo Shrimp & Chicken w. Chinese Basil,中国罗勒大鸡虾,,,S31,,10.95,,,,,,1,,,
Chef's Specials,特别餐,Aromatic Ginger Shrimp,Aromatic Ginger Shrimp,芳香姜虾仁,,,S32,,10.95,,,,,,1,,,
Chef's Specials,特别餐,Pineapple Shrimp,Pineapple Shrimp,菠萝虾,,,S33,,10.95,,,,,,1,,,
Chef's Specials,特别餐,Curry Coconut Shrimp,Curry Coconut Shrimp,咖喱椰子虾,,,S34,,10.95,,,,,1,1,,,
Chef's Specials,特别餐,General Tso's Chicken (no fried),General Tso's Chicken (no fried),炒左宗鸡,sauteed,炒,S35,,10.95,,,,,1,1,,,
Chef's Specials,特别餐,Sesame Chicken (no fried),Sesame Chicken (no fried),炒芝麻鸡,sauteed,炒,S35,,10.95,,,,,1,1,,,
Extra Taste,口味,Well Done,Well Done,煮熟,,,,,0,,,,,,,,,
Extra Taste,口味,Spicy,Spicy,辣,,,,,0,,,,,,,,,
Extra Taste,口味,Crispy,Crispy,脆,,,,,0,,,,,,,,,
Extra Taste,口味,Fried,Fried,油煎,,,,,0,,,,,,,,,
Extra Taste,口味,Steam,Steam,蒸,,,,,0,,,,,,,,,
Extra Taste,口味,Sour,Sour,酸,,,,,0,,,,,,,,,
Extra Taste,口味,Sweet,Sweet,甜,,,,,0,,,,,,,,,
Extra Taste,口味,MSG,MSG,味精,,,,,0,,,,,,,,,
Extra Taste,口味,Oil,Oil,油,,,,,0,,,,,,,,,
Extra Taste,口味,Salt,Salt,盐,,,,,0,,,,,,,,,
Extra Taste,口味,Sugar,Sugar,糖,,,,,0,,,,,,,,,
Extra Sauce,酱,Sauce,Sauce,汁,,,,,0,,,,,,,,,
Extra Sauce,酱,White Sauce,White Sauce,白汁,,,,,0,,,,,,,,,
Extra Sauce,酱,Black Bean Sauce,Black Bean Sauce,豆士汁,,,,,0,,,,,,,,,
Extra Sauce,酱,Brown Sauce,Brown Sauce,黑汁,,,,,0,,,,,,,,,
Extra Sauce,酱,Curry Sauce,Curry Sauce,咖喱汁,,,,,0,,,,,,,,,
Extra Sauce,酱,Garlic Sauce,Garlic Sauce,鱼香汁,,,,,0,,,,,,,,,
Extra Sauce,酱,Hoisin Sauce,Hoisin Sauce,海鲜汁 ,,,,,0,,,,,,,,,
Extra Sauce,酱,Kung Pao Sauce,Kung Pao Sauce,宫保汁,,,,,0,,,,,,,,,
Extra Sauce,酱,Soy Sauce,Soy Sauce,酱油,,,,,0,,,,,,,,,
Extra Sauce,酱,Oyster Sauce,Oyster Sauce,蚝油,,,,,0,,,,,,,,,
Extra Sauce,酱,Sesame Sauce,Sesame Sauce,芝麻汁,,,,,0,,,,,,,,,
Extra Sauce,酱,Sweet Sour Sauce,Sweet Sour Sauce,甜酸汁,,,,,0,,,,,,,,,
Extra Sauce,酱,Hunan Sauce,Hunan Sauce,湖南汁,,,,,0,,,,,,,,,
Extra Sauce,酱,Szechuan Sauce,Szechuan Sauce,四川汁 ,,,,,0,,,,,,,,,
Extra Sauce,酱,BBQ Sauce,BBQ Sauce,烧烤汁 ,,,,,0,,,,,,,,,
Extra Veg,菜,Veg,Vegetable,菜,,,,,0,,,,,,,,,
Extra Veg,菜,Asparagus,Asparagus,芦笋,,,,,0,,,,,,,,,
Extra Veg,菜,Bean Sprout,Bean Sprout,豆芽,,,,,0,,,,,,,,,
Extra Veg,菜,Basil,Basil,九层塔,,,,,0,,,,,,,,,
Extra Veg,菜,Broccoli,Broccoli,芥兰,,,,,0,,,,,,,,,
Extra Veg,菜,Cabbage ,Cabbage ,包菜,,,,,0,,,,,,,,,
Extra Veg,菜,Chinese Vegetable,Chinese Vegetable,白菜,,,,,0,,,,,,,,,
Extra Veg,菜,Carrot,Carrot,萝卜,,,,,0,,,,,,,,,
Extra Veg,菜,Celery,Celery,芹菜,,,,,0,,,,,,,,,
Extra Veg,菜,Chives,Chives,韭菜,,,,,0,,,,,,,,,
Extra Veg,菜,Cilantro,Cilantro,香菜,,,,,0,,,,,,,,,
Extra Veg,菜,Cucumber,Cucumber,黄瓜,,,,,0,,,,,,,,,
Extra Veg,菜,Culiflower,Culiflower,花菜,,,,,0,,,,,,,,,
Extra Veg,菜,Dry Chili,Dry Chili,干辣椒,,,,,0,,,,,,,,,
Extra Veg,菜,Eggplant,Eggplant,茄子　,,,,,0,,,,,,,,,
Extra Veg,菜,Endives,Endives,小白菜,,,,,0,,,,,,,,,
Extra Veg,菜,Enoki,Enoki,日本菇,,,,,0,,,,,,,,,
Extra Veg,菜,Garlic,Garlic,蒜茸,,,,,0,,,,,,,,,
Extra Veg,菜,Ginger,Ginger,姜,,,,,0,,,,,,,,,
Extra Veg,菜,Green Pepper,Green Pepper,青椒,,,,,0,,,,,,,,,
Extra Veg,菜,Lemon Grass,Lemon Grass,香茅,,,,,0,,,,,,,,,
Extra Veg,菜,Lettuces,Lettuces,生菜,,,,,0,,,,,,,,,
Extra Veg,菜,Long Bean,Long Bean,长江豆　,,,,,0,,,,,,,,,
Extra Veg,菜,Mint Leaf,Mint Leaf,薄荷叶,,,,,0,,,,,,,,,
Extra Veg,菜,Mushroom,Mushroom,蘑菇,,,,,0,,,,,,,,,
Extra Veg,菜,Onion,Onion,洋葱,,,,,0,,,,,,,,,
Extra Veg,菜,Peanut,Peanut,花生,,,,,0,,,,,,,,,
Extra Veg,菜,Peas,Peas,豆子,,,,,0,,,,,,,,,
Extra Veg,菜,Chili Pepper,Chili Pepper,辣椒,,,,,0,,,,,,,,,
Extra Veg,菜,Pinenut,Pinenut,松子,,,,,0,,,,,,,,,
Extra Veg,菜,Potota,Potota,马铃薯,,,,,0,,,,,,,,,
Extra Veg,菜,Red Pepper,Red Pepper,红椒,,,,,0,,,,,,,,,
Extra Veg,菜,Scallion,Scallion,葱　,,,,,0,,,,,,,,,
Extra Veg,菜,Sesame,Sesame,芝麻,,,,,0,,,,,,,,,
Extra Veg,菜,Shallot,Shallot,红葱　,,,,,0,,,,,,,,,
Extra Veg,菜,Snow Pea,Snow Pea,雪豆　,,,,,0,,,,,,,,,
Extra Veg,菜,Spinach,Spinach,菠菜,,,,,0,,,,,,,,,
Extra Veg,菜,String Bean,String Bean,四季豆,,,,,0,,,,,,,,,
Extra Veg,菜,Fried Tofu,Fried Tofu,炸豆腐,,,,,0,,,,,,,,,
Extra Veg,菜,Soft Tofu,Soft Tofu,鲜豆腐,,,,,0,,,,,,,,,
Extra Veg,菜,Tomato,Tomato,西红柿,,,,,0,,,,,,,,,
Extra Veg,菜,Black Mushroom,Black Mushroom,冬菇,,,,,0,,,,,,,,,
Extra Veg,菜,Water Chestnut,Water Chestnut,马蹄,,,,,0,,,,,,,,,
Extra Veg,菜,Walnut,Walnut,核桃,,,,,0,,,,,,,,,
Extra Veg,菜,Yellow Pepper,Yellow Pepper,黄椒,,,,,0,,,,,,,,,
Extra Veg,菜,Zucchini,Zucchini,南瓜,,,,,0,,,,,,,,,
Extra Veg,菜,Straw Mushroom,Straw Mushroom,草菇,,,,,0,,,,,,,,,
Extra Veg,菜,Orange Skin,Orange Skin,橘子皮,,,,,0,,,,,,,,,
Extra Veg,菜,Baby Corn,Baby Corn,小玉米,,,,,0,,,,,,,,,
Extra Veg,菜,Bamboo Shoot,Bamboo Shoot,竹笋,,,,,0,,,,,,,,,
Extra Veg,菜,Cashew Nut,Cashew Nut,腰果,,,,,0,,,,,,,,,
Extra Meat,肉,Chicken,Chicken,鸡,,,,,1,,,,,,,,,
Extra Meat,肉,Pork,Pork,猪肉　,,,,,1,,,,,,,,,
Extra Meat,肉,Roast Pork,Roast Pork,叉烧肉,,,,,1,,,,,,,,,
Extra Meat,肉,Beef,Beef,牛肉,,,,,1,,,,,,,,,
Extra Meat,肉,Baby Shrimp,Baby Shrimp,小虾,,,,,1,,,,,,,,,
Extra Meat,肉,Jumbo Shrimp,Jumbo Shrimp,大虾,,,,,1,,,,,,,,,
Extra Meat,肉,Shrimp,Shrimp,虾,,,,,1,,,,,,,,,
Extra Meat,肉,Egg,Egg,蛋,,,,,0,,,,,,,,,
Extra Meat,肉,Wonton,Wonton,云吞,,,,,1,,,,,,,,,
Extra Meat,肉,Pancake,Pancake,木须皮,,,,,1,,,,,,,,,